name,id_card
Agnola,S92066A
Harrie,S61203S
Jacquie,T34019S
Hunfredo,S14132D
Milena,E799
Krishnah,S62101S
Aubert,S72135N
Esteban,T2652
Sasha,S92235G
Elwin,D0140
Gilly,S91051
Marketa,S15122S
Netti,S21119
Hyman,W499
Winthrop,G988
Glen,S11025A
Viola,A513
Bucky,Y3619
Imojean,S4290
Dita,K8689
Marylynne,Z3401
Everett,M80829D
Chandra,S72499S
Cherida,Z3493
Dallas,S99099K
Dodi,M8885
Toddie,T7020XD
Coriss,H16103
Laverne,S71032S
Erina,S20421S
Nicky,S066X5A
Heinrik,S55292S
Oates,S91145
Cosimo,M67321
Camila,S93304A
Austine,H2633
Bartholomew,T458X4
Jesselyn,S32463S
Almira,S92133B
Perkin,S92352B
Noel,S72446M
Dall,F15181
Travers,B5731
Jard,S66104D
Reuven,S20212D
Cy,S32039B
Xaviera,F15281
Bertha,S59292A
Melva,T535
Marthena,S12600G
Felizio,H33031
Thomasina,M485
Fayette,Z9849
Payton,A5145
Wallie,S52133N
Berget,M2450
Trev,S63229
Mollee,X131
Al,M67252
Archibaldo,S069X4A
Alfy,S63125S
Yvonne,S63043
Murry,H2155
Alair,S43022S
Averell,O2359
Nelie,S62324G
Sansone,T83020S
Una,T82339
Irvin,T596X4D
Maryjane,S52189J
Jake,M85879
Ninetta,H2504
Xenia,P023
Michale,M1A19X1
Sloane,O758
Nicko,H40009
Lula,S31522S
Ansell,Q7023
Twila,T8339
Udall,M6023
Josee,S22080A
Addi,S95802D
Pablo,Z4829
Alasteir,M67439
Flory,Q33
Abram,T23749D
Nappie,H5021
Izzy,W131XXA
Delmar,S92052G
Shayna,S0211GK
Pierre,N758
Nicolina,V189
Arabelle,C883
Bartholomeo,S52002J
Aurie,T84031S
Harley,S23152S
Brigham,A5440
Raynor,M0539
Kristi,H59311
Chloe,S52365E
